seed,auc_roc_val
27494,0.5292189548604608
63036,0.5605693519079347
67188,0.5595238095238095
40391,0.5526419753086419
70152,0.5291885143570537
11266,0.3660933660933661
36644,0.6487158598808044
62436,0.43673780487804875
43770,0.6582661782661783
67485,0.5411937377690802
