seed,auc_roc_val
54916,0.773875958441087
69835,0.8571715387086412
89750,0.6326486013986015
28840,0.7619108226210174
76543,0.703602593477307
59283,0.7497420020639834
71806,0.7724867724867724
73868,0.5525
87194,0.7286181380141112
61673,0.6616074664733599
